Epoch,Train Loss,Validation Loss,RMSE Validation,MAE Validation,MAPE Validation,Min_RMSE Evaluation,Min_MAE Evaluation,Min_MAPE Evaluation
1,0.91485244,2.9317188,17.957981442450993,3.5835143660972832,624507898.9798013,17.957981442450993,3.5835143660972832,624507898.9798013
2,0.66601115,2.974311,18.087958167626354,3.429677171146827,534908765.98362595,17.957981442450993,3.429677171146827,534908765.98362595
3,0.66614306,2.9557104,18.031310980777405,3.4501477833716803,555625921.523265,17.957981442450993,3.429677171146827,534908765.98362595
4,0.6623724,2.8391666,17.67224646377611,3.477393363978177,599186502.7843033,17.67224646377611,3.429677171146827,534908765.98362595
5,0.66888815,3.2728386,18.973987665299266,3.471165151285352,492005517.7633077,17.67224646377611,3.429677171146827,492005517.7633077
6,0.65667444,2.9278908,17.946253450143814,3.366536446754192,525954520.8186451,17.67224646377611,3.366536446754192,492005517.7633077
7,0.6394089,2.9688833,18.07144584610547,3.365575511619936,513177485.72716486,17.67224646377611,3.365575511619936,492005517.7633077
8,0.62667966,2.8078651,17.57455912446945,3.301477094321996,531491020.5065539,17.57455912446945,3.301477094321996,492005517.7633077
9,0.608399,2.6029687,16.921186227086956,3.322519373594109,589492850.0717747,16.921186227086956,3.301477094321996,492005517.7633077
10,0.6106602,2.7618866,17.430075829166487,3.30269604929121,537103993.7575108,16.921186227086956,3.301477094321996,492005517.7633077
11,0.60763985,2.644381,17.055261295592118,3.310364948446979,576680568.4912406,16.921186227086956,3.301477094321996,492005517.7633077
12,0.6092691,2.6402895,17.04206118743865,3.2960664616104847,569722746.3516304,16.921186227086956,3.2960664616104847,492005517.7633077
13,0.61009,2.916725,17.912000759187745,3.3115289302877895,499019119.40950334,16.921186227086956,3.2960664616104847,492005517.7633077
14,0.60560334,2.7669256,17.445969484382122,3.281476996981961,520308060.0944557,16.921186227086956,3.281476996981961,492005517.7633077
15,0.5980461,3.2003891,18.76280353465607,3.356140242868247,436984853.09436405,16.921186227086956,3.281476996981961,436984853.09436405
16,0.59564775,2.8968098,17.850745593154738,3.253370241732683,466369728.2769515,16.921186227086956,3.253370241732683,436984853.09436405
17,0.5886756,2.712216,17.272629195427232,3.2357530562302212,508257281.1383312,16.921186227086956,3.2357530562302212,436984853.09436405
18,0.590334,2.5873234,16.870257264673185,3.2511032979023327,544958529.5229235,16.870257264673185,3.2357530562302212,436984853.09436405
19,0.59152585,2.8345006,17.657719697172148,3.2373818649461774,471815357.56538314,16.870257264673185,3.2357530562302212,436984853.09436405
20,0.58701265,2.6001794,16.912117249887654,3.261568585775766,550770564.1673056,16.870257264673185,3.2357530562302212,436984853.09436405
21,0.5899954,2.8534298,17.716583095120015,3.240155098527129,473018799.9147501,16.870257264673185,3.2357530562302212,436984853.09436405
22,0.5903767,2.7149115,17.281211503503112,3.2180691362224483,496946733.6962185,16.870257264673185,3.2180691362224483,436984853.09436405
23,0.5855448,2.8156376,17.598866922243214,3.2124656750451677,467386219.48066837,16.870257264673185,3.2124656750451677,436984853.09436405
24,0.5845478,2.8607967,17.739438144646464,3.19973726912925,451201152.22454804,16.870257264673185,3.19973726912925,436984853.09436405
25,0.57467765,2.6128104,16.953144161828174,3.1582794921844317,494033102.4705045,16.870257264673185,3.1582794921844317,436984853.09436405
26,0.5742056,2.716179,17.285246638023285,3.1572828551506404,461865433.0063914,16.870257264673185,3.1572828551506404,436984853.09436405
27,0.57455033,2.5352015,16.699466117799492,3.1405276385463616,493485323.5467892,16.699466117799492,3.1405276385463616,436984853.09436405
28,0.56399965,2.4974036,16.574510946169084,3.224376824808141,536617934.9222878,16.574510946169084,3.1405276385463616,436984853.09436405
29,0.55980456,2.522903,16.658911344476735,3.122847769267411,480957475.4666604,16.574510946169084,3.122847769267411,436984853.09436405
30,0.5642575,2.517355,16.640585247535395,3.230143921705097,531116108.29338205,16.574510946169084,3.122847769267411,436984853.09436405
31,0.55832547,2.5057914,16.602322118346137,3.1580077634591044,498110533.971283,16.574510946169084,3.122847769267411,436984853.09436405
32,0.5639097,2.4634755,16.4615388398059,3.101158709304436,477727496.1737126,16.4615388398059,3.101158709304436,436984853.09436405
33,0.55345863,2.7269197,17.319387373926475,3.084724918089108,399612874.0161739,16.4615388398059,3.084724918089108,399612874.0161739
34,0.5603769,2.4922857,16.55751869835334,3.156728753839194,488189544.62284815,16.4615388398059,3.084724918089108,399612874.0161739
35,0.5555589,2.4933248,16.5609708634617,3.191420377950913,497470463.24886394,16.4615388398059,3.084724918089108,399612874.0161739
36,0.5565657,2.5134478,16.627665196024058,3.0785333122629805,441876444.3024096,16.4615388398059,3.0785333122629805,399612874.0161739
37,0.5583705,2.5000916,16.583426781656595,3.097007264534601,453805767.71747434,16.4615388398059,3.0785333122629805,399612874.0161739
38,0.5558139,2.4837477,16.5291337971303,3.1536740095801035,475563038.3580151,16.4615388398059,3.0785333122629805,399612874.0161739
39,0.5573156,2.538463,16.710204996080726,3.2743732813146478,521753503.61565316,16.4615388398059,3.0785333122629805,399612874.0161739
40,0.5555979,2.5157564,16.635299929435682,3.175842562809899,476262954.1873054,16.4615388398059,3.0785333122629805,399612874.0161739
41,0.56230104,2.521949,16.655761113236597,3.1217228602177056,452235289.79346913,16.4615388398059,3.0785333122629805,399612874.0161739
42,0.555049,2.5403426,16.71638915923111,3.1712001288024907,463520022.4979167,16.4615388398059,3.0785333122629805,399612874.0161739
43,0.55409974,2.4987652,16.579028411600316,3.1113405300862866,442740907.50955397,16.4615388398059,3.0785333122629805,399612874.0161739
44,0.5587677,2.5093403,16.614073872401807,3.1821954401937855,482666416.0151736,16.4615388398059,3.0785333122629805,399612874.0161739
45,0.55287355,2.4943883,16.5645009047142,3.0724009401047296,430323416.872308,16.4615388398059,3.0724009401047296,399612874.0161739
46,0.5504933,2.481028,16.520081255037397,3.104893789169903,443229366.7450397,16.4615388398059,3.0724009401047296,399612874.0161739
47,0.5560392,2.517116,16.63979555129352,3.2204975873516672,498635467.4341035,16.4615388398059,3.0724009401047296,399612874.0161739
48,0.55307555,2.5672646,16.804735054147567,3.0262205144064995,395593281.15014565,16.4615388398059,3.0262205144064995,395593281.15014565
49,0.5504722,2.4883332,16.54438604547314,3.157934920035892,468453280.2795682,16.4615388398059,3.0262205144064995,395593281.15014565
50,0.5587458,2.4609733,16.45317770966382,3.0659055782943843,435929180.6877007,16.45317770966382,3.0262205144064995,395593281.15014565
51,0.5551333,2.4819374,16.523106762945986,3.0422662067795536,428288364.6701363,16.45317770966382,3.0262205144064995,395593281.15014565
52,0.5522744,2.4897919,16.54923451260515,3.14689534257651,464316080.83319515,16.45317770966382,3.0262205144064995,395593281.15014565
53,0.55323297,2.5102837,16.617198226552155,3.091703711899708,433282523.7912381,16.45317770966382,3.0262205144064995,395593281.15014565
54,0.5513329,2.5080333,16.609745720004252,3.1348846779973494,460537744.8004277,16.45317770966382,3.0262205144064995,395593281.15014565
55,0.55106187,2.500195,16.583771447143267,3.177335326925993,490362075.7479464,16.45317770966382,3.0262205144064995,395593281.15014565
56,0.55341876,2.4529717,16.42640878044372,3.0308752759875466,418480303.5649736,16.42640878044372,3.0262205144064995,395593281.15014565
57,0.549619,2.618763,16.972446673309776,3.016633499981099,363570391.42656726,16.42640878044372,3.016633499981099,363570391.42656726
58,0.54517645,2.5158978,16.63576629132192,3.210660835938284,484942687.9762644,16.42640878044372,3.016633499981099,363570391.42656726
59,0.55214316,2.6186235,16.971994039775353,3.310739613465367,485506154.7424282,16.42640878044372,3.016633499981099,363570391.42656726
60,0.5563216,2.4996808,16.5820640379611,3.1745163263020753,467913668.62393457,16.42640878044372,3.016633499981099,363570391.42656726
61,0.55169696,2.5270228,16.672507027365235,3.2403578425661927,502208105.2863732,16.42640878044372,3.016633499981099,363570391.42656726
62,0.54864377,2.5404255,16.716662651303388,3.2641626205983645,500195749.48420364,16.42640878044372,3.016633499981099,363570391.42656726
63,0.557941,2.456492,16.438191322760375,3.150620426125209,469444582.71142495,16.42640878044372,3.016633499981099,363570391.42656726
64,0.555818,2.4721444,16.490479419495397,2.996540152539698,392981324.90239364,16.42640878044372,2.996540152539698,363570391.42656726
65,0.5641128,2.4381762,16.376794011342092,3.105589893456535,441857587.3474903,16.376794011342092,2.996540152539698,363570391.42656726
66,0.562492,2.4399042,16.38259608798286,3.100794156119579,422561320.9721435,16.376794011342092,2.996540152539698,363570391.42656726
67,0.5581725,2.5472963,16.739253060685392,3.2488631830186776,467257125.8247905,16.376794011342092,2.996540152539698,363570391.42656726
68,0.56486624,2.553648,16.76010950781614,3.2587052605810896,464786223.35821986,16.376794011342092,2.996540152539698,363570391.42656726
69,0.56063193,2.425288,16.33345273893884,3.0484779903097814,414655535.30402154,16.33345273893884,2.996540152539698,363570391.42656726
70,0.5652545,2.4211545,16.319528532081282,3.030072476701435,395940657.2508961,16.319528532081282,2.996540152539698,363570391.42656726
71,0.55811065,2.4945068,16.56489543339813,3.2037524795579726,450893488.33880854,16.319528532081282,2.996540152539698,363570391.42656726
72,0.5708022,2.471426,16.488083279191628,3.1233402144073685,417398101.79376227,16.319528532081282,2.996540152539698,363570391.42656726
73,0.57037365,2.5348916,16.698446374502634,3.255411669340561,459639743.023501,16.319528532081282,2.996540152539698,363570391.42656726
74,0.5749742,2.5043068,16.597402561072848,3.2284339869639,464956516.659901,16.319528532081282,2.996540152539698,363570391.42656726
75,0.567292,2.512786,16.625476758815037,3.110071357839698,406693124.6041583,16.319528532081282,2.996540152539698,363570391.42656726
76,0.5774359,2.5332792,16.693133240459698,3.0468117734969296,381877653.5865838,16.319528532081282,2.996540152539698,363570391.42656726
77,0.5796615,2.561904,16.78718134598917,3.04238642911474,362536277.00583464,16.319528532081282,2.996540152539698,362536277.00583464
78,0.5741941,2.6293206,17.006622654089824,3.3071912214232535,453709491.82950556,16.319528532081282,2.996540152539698,362536277.00583464
79,0.58308935,2.5406542,16.7174144391279,3.2619253360467315,465760087.8988003,16.319528532081282,2.996540152539698,362536277.00583464
80,0.5676372,2.4898813,16.549529529975025,3.0796043762510563,386141451.8428921,16.319528532081282,2.996540152539698,362536277.00583464
81,0.561281,2.5289483,16.678857880990783,3.1939801504503422,420890576.1251392,16.319528532081282,2.996540152539698,362536277.00583464
82,0.5813845,2.5052629,16.600570623388027,3.144557187404734,394190592.6920166,16.319528532081282,2.996540152539698,362536277.00583464
83,0.5725801,2.5662167,16.801304758871353,3.1552008498684363,389417100.7755465,16.319528532081282,2.996540152539698,362536277.00583464
84,0.5798219,2.4640636,16.463506669257733,3.146377686560022,415699785.6281954,16.319528532081282,2.996540152539698,362536277.00583464
85,0.5800879,2.7592108,17.421629325422895,3.4118985167452727,464195536.98289096,16.319528532081282,2.996540152539698,362536277.00583464
86,0.57373697,2.4234786,16.32736041928565,3.0561595138063415,384533845.40814054,16.319528532081282,2.996540152539698,362536277.00583464
87,0.5661244,3.027117,18.247817643743634,3.5702647114695965,481218063.7175751,16.319528532081282,2.996540152539698,362536277.00583464
88,0.5736413,2.7701728,17.45620379693631,3.3366677742075384,419467481.7770332,16.319528532081282,2.996540152539698,362536277.00583464
89,0.57743436,3.0468514,18.307202610930695,3.543816263330034,461042901.2302043,16.319528532081282,2.996540152539698,362536277.00583464
90,0.57138157,2.7690613,17.452700421578292,3.3776696910995905,452567352.3650943,16.319528532081282,2.996540152539698,362536277.00583464
91,0.5810754,2.8388927,17.671395166630667,3.3892391846234853,431084798.6195161,16.319528532081282,2.996540152539698,362536277.00583464
92,0.56895727,2.8373344,17.666543253655693,3.3752640735549324,424345768.51873064,16.319528532081282,2.996540152539698,362536277.00583464
93,0.58262223,2.49734,16.574300145352478,3.017613871705882,351225110.4961669,16.319528532081282,2.996540152539698,351225110.4961669
94,0.5808553,2.520047,16.649481445855347,3.1346203136725137,384684441.4149606,16.319528532081282,2.996540152539698,351225110.4961669
95,0.58314043,2.582178,16.853475301274944,3.200077516541826,404378594.34916866,16.319528532081282,2.996540152539698,351225110.4961669
96,0.58021337,2.66772,17.130359219210895,3.250177416406405,401726905.9145337,16.319528532081282,2.996540152539698,351225110.4961669
97,0.5750377,2.5724194,16.821597419548677,3.2097474478732755,413407544.34049857,16.319528532081282,2.996540152539698,351225110.4961669
98,0.58200246,3.0774205,18.398809933824403,3.608200901758625,490871034.4245543,16.319528532081282,2.996540152539698,351225110.4961669
99,0.5857233,2.4976158,16.57521541369413,3.062363568097441,356276507.7487431,16.319528532081282,2.996540152539698,351225110.4961669
100,0.58563983,2.6783686,17.16451510295079,3.3082325042532195,421468132.7204249,16.319528532081282,2.996540152539698,351225110.4961669
101,0.58801055,2.6599038,17.10524545339444,3.2912761315083245,430528067.77421767,16.319528532081282,2.996540152539698,351225110.4961669
102,0.58583707,2.5447104,16.73075387905284,3.1107349361793317,381900642.6116463,16.319528532081282,2.996540152539698,351225110.4961669
103,0.5963148,2.547564,16.740133263469083,3.1205921395988576,378341153.02472526,16.319528532081282,2.996540152539698,351225110.4961669
104,0.5938949,2.5235643,16.661095880939655,3.1105466766603986,377747840.7721376,16.319528532081282,2.996540152539698,351225110.4961669
105,0.5958695,2.8476918,17.698758888692524,3.4159813717275926,438069239.0071708,16.319528532081282,2.996540152539698,351225110.4961669
106,0.6040318,2.665569,17.123450994613712,3.2788310954173525,429104330.48707426,16.319528532081282,2.996540152539698,351225110.4961669
107,0.5989456,2.5365658,16.703961513107394,3.0577910439811706,354243463.9823603,16.319528532081282,2.996540152539698,351225110.4961669
108,0.60300356,2.50016,16.58365469043496,2.996431537189355,341155320.4310661,16.319528532081282,2.996431537189355,341155320.4310661
109,0.6017845,2.4999335,16.582904481479268,3.0218903941244166,345388048.2991273,16.319528532081282,2.996431537189355,341155320.4310661
110,0.585999,2.666837,17.12752390501507,3.2345929435657728,383964696.98095906,16.319528532081282,2.996431537189355,341155320.4310661
111,0.6021394,2.836735,17.664678363789015,3.0929477566362764,287505406.30761975,16.319528532081282,2.996431537189355,287505406.30761975
112,0.6005137,3.0216925,18.231461497017822,3.5065536441437573,441165634.1680142,16.319528532081282,2.996431537189355,287505406.30761975
113,0.5900704,2.5844994,16.861047085478827,3.1706150463556844,382334235.3714136,16.319528532081282,2.996431537189355,287505406.30761975
114,0.6083034,2.7749596,17.471278868972764,3.3380259439890154,405384225.46948147,16.319528532081282,2.996431537189355,287505406.30761975
115,0.6020589,3.0177834,18.21966407998317,3.5440808288207655,462763125.88587564,16.319528532081282,2.996431537189355,287505406.30761975
116,0.6000872,2.8146555,17.59579924484602,3.3912807208456215,432884330.6535689,16.319528532081282,2.996431537189355,287505406.30761975
117,0.6001465,2.5687888,16.809723298700728,3.082542293446211,345631688.3209158,16.319528532081282,2.996431537189355,287505406.30761975
118,0.6018215,2.5499766,16.748058179128495,3.0415635975266873,327157105.2664054,16.319528532081282,2.996431537189355,287505406.30761975
119,0.60894936,2.613501,16.955386666355864,3.1796186624633624,396240539.96618307,16.319528532081282,2.996431537189355,287505406.30761975
120,0.60124326,2.7927647,17.527240093647286,3.3818643396484984,447870445.6503539,16.319528532081282,2.996431537189355,287505406.30761975
121,0.5975516,3.3476543,19.189630914071884,3.7433059582152484,483989188.8680932,16.319528532081282,2.996431537189355,287505406.30761975
122,0.6086709,4.2153087,21.533322667787555,4.304727451830065,614761924.2839952,16.319528532081282,2.996431537189355,287505406.30761975
123,0.610509,2.6607094,17.10783500987802,3.0663906439995876,310883301.84399813,16.319528532081282,2.996431537189355,287505406.30761975
124,0.5941354,2.5568962,16.770766214633912,3.2044679716612086,422387071.228101,16.319528532081282,2.996431537189355,287505406.30761975
125,0.59785837,2.7586694,17.419923820162392,3.036339948981684,290876504.0471926,16.319528532081282,2.996431537189355,287505406.30761975
126,0.5964598,2.8652198,17.753146113644817,3.415394507526665,440394604.34281045,16.319528532081282,2.996431537189355,287505406.30761975
127,0.5907762,2.7033336,17.244324000901027,3.0706492784651878,303989374.8077949,16.319528532081282,2.996431537189355,287505406.30761975
128,0.59774697,3.2216103,18.82490818719835,3.6380557228293195,451639114.73075354,16.319528532081282,2.996431537189355,287505406.30761975
129,0.6118368,3.5245917,19.690228819925746,3.8235349941492927,497922765.32145673,16.319528532081282,2.996431537189355,287505406.30761975
130,0.58567923,2.7463229,17.38089520558505,3.2978643314616036,391244932.1169752,16.319528532081282,2.996431537189355,287505406.30761975
131,0.6018022,2.7242818,17.3110084155619,3.295059936156732,407583232.1456042,16.319528532081282,2.996431537189355,287505406.30761975
132,0.6035691,2.792512,17.526446316674004,3.300976645246746,387310140.40690243,16.319528532081282,2.996431537189355,287505406.30761975
133,0.6122429,3.486184,19.582650009542192,3.9166144837278964,547491321.0162959,16.319528532081282,2.996431537189355,287505406.30761975
134,0.61673236,2.5687099,16.809464109002743,3.167984690389639,368172612.67242956,16.319528532081282,2.996431537189355,287505406.30761975
135,0.6080543,3.0779052,18.40026018488037,3.6484565158551634,513224342.22704226,16.319528532081282,2.996431537189355,287505406.30761975
136,0.6110848,3.0672483,18.36837784405826,3.6344352174523906,491479821.4563556,16.319528532081282,2.996431537189355,287505406.30761975
137,0.604847,3.1678867,18.66728408086258,3.691087307499495,507118800.0581381,16.319528532081282,2.996431537189355,287505406.30761975
138,0.60083556,2.7650337,17.440003338833236,3.416362374525302,454101426.6674634,16.319528532081282,2.996431537189355,287505406.30761975
139,0.59558964,2.6629937,17.115177738377113,3.311027360765578,416616154.2591005,16.319528532081282,2.996431537189355,287505406.30761975
140,0.6169048,2.6392746,17.038784802540203,3.116333637957449,335037679.04833114,16.319528532081282,2.996431537189355,287505406.30761975
141,0.6178618,3.008456,18.191485703808677,3.583818613561013,482130009.8798259,16.319528532081282,2.996431537189355,287505406.30761975
142,0.6110913,2.7458193,17.37930174163025,3.3667798704220315,430446248.07951546,16.319528532081282,2.996431537189355,287505406.30761975
143,0.6154555,2.7971256,17.540918583523524,3.382895009368746,413316603.2058231,16.319528532081282,2.996431537189355,287505406.30761975
144,0.59902245,2.5738754,16.82635906608734,3.1719984712477207,370189505.8261481,16.319528532081282,2.996431537189355,287505406.30761975
145,0.6132969,2.608124,16.937935333883132,3.136639991920736,352477142.5129191,16.319528532081282,2.996431537189355,287505406.30761975
146,0.605128,2.9743948,18.088212565308545,3.550491691020965,474466557.94448733,16.319528532081282,2.996431537189355,287505406.30761975
147,0.6077702,3.337726,19.161154201032108,3.8377910711500163,540990857.4662725,16.319528532081282,2.996431537189355,287505406.30761975
148,0.6248361,2.6275403,17.000865575245477,3.3221141209718117,459397709.2373368,16.319528532081282,2.996431537189355,287505406.30761975
149,0.61684823,2.88006,17.799060448896974,3.4201741492791364,451441991.50484324,16.319528532081282,2.996431537189355,287505406.30761975
150,0.595768,2.6479475,17.066757059120047,3.054699903284997,312438832.5812837,16.319528532081282,2.996431537189355,287505406.30761975
151,0.61883634,2.7273738,17.32082955228471,3.325496888554346,436036290.92316556,16.319528532081282,2.996431537189355,287505406.30761975
152,0.6141914,2.772602,17.46385673710545,3.3621451584549695,455463629.327083,16.319528532081282,2.996431537189355,287505406.30761975
153,0.60803777,2.7664402,17.444438634304007,3.3804287876040977,453951219.2002619,16.319528532081282,2.996431537189355,287505406.30761975
154,0.61814636,2.6135263,16.9554683241281,3.1267463367713844,361247165.35572934,16.319528532081282,2.996431537189355,287505406.30761975
155,0.6101859,2.6632597,17.116033765388266,3.063015806670999,315431536.9750019,16.319528532081282,2.996431537189355,287505406.30761975
156,0.61898184,2.7487147,17.388463380222873,3.225575676337852,402640470.8174264,16.319528532081282,2.996431537189355,287505406.30761975
157,0.6066311,3.1285126,18.55091288804922,3.5674828220928503,474623956.2129622,16.319528532081282,2.996431537189355,287505406.30761975
158,0.63071793,3.0307837,18.25886490749664,3.4767539337818394,453624489.2757437,16.319528532081282,2.996431537189355,287505406.30761975
159,0.6078433,2.7692616,17.453332016756132,3.2409858476093487,383865142.359636,16.319528532081282,2.996431537189355,287505406.30761975
160,0.61063623,3.2996764,19.051625542016712,3.653259325131264,491866762.2569615,16.319528532081282,2.996431537189355,287505406.30761975
161,0.61189806,2.9346206,17.966866404949243,3.452305526164533,469573693.1408504,16.319528532081282,2.996431537189355,287505406.30761975
162,0.6146625,2.659423,17.103699477331627,3.1822642039591194,394405860.6009879,16.319528532081282,2.996431537189355,287505406.30761975
163,0.62345064,2.8824608,17.806479308983313,3.3707521657146065,435459936.063842,16.319528532081282,2.996431537189355,287505406.30761975
164,0.6216466,2.6796434,17.168597475343176,3.2137333977888334,386766509.7027575,16.319528532081282,2.996431537189355,287505406.30761975
165,0.6167889,3.1491394,18.611968856377583,3.2397950974017067,295699412.2644706,16.319528532081282,2.996431537189355,287505406.30761975
166,0.62370306,3.2989714,19.049589508846893,3.6824566755734094,499287278.8435376,16.319528532081282,2.996431537189355,287505406.30761975
167,0.6331551,2.7957225,17.536519106553815,3.2858396147691162,388596903.2891304,16.319528532081282,2.996431537189355,287505406.30761975
168,0.6375836,2.6163025,16.964470245865712,3.2121723287091224,409056839.308389,16.319528532081282,2.996431537189355,287505406.30761975
169,0.63907784,2.7611215,17.427661248545807,3.1917419129749485,366474078.64020026,16.319528532081282,2.996431537189355,287505406.30761975
170,0.63744557,2.566859,16.803407719475278,3.129057013713826,378944537.5727679,16.319528532081282,2.996431537189355,287505406.30761975
171,0.6436028,2.6975503,17.225868844814052,3.1553803167122263,356006154.9021344,16.319528532081282,2.996431537189355,287505406.30761975
172,0.629691,2.5992584,16.909123100799643,3.1210550209381998,361411805.4604474,16.319528532081282,2.996431537189355,287505406.30761975
173,0.62823045,2.9266286,17.94238422826456,3.168430205778501,302731547.736547,16.319528532081282,2.996431537189355,287505406.30761975
174,0.64099646,2.843927,17.68705755655438,3.3131000484378377,410799483.3714483,16.319528532081282,2.996431537189355,287505406.30761975
175,0.62340784,2.6518452,17.079313153319134,3.0822795930680287,329812134.48673004,16.319528532081282,2.996431537189355,287505406.30761975
176,0.6267531,2.618656,16.972099459250245,3.1077002570303565,342634703.30114466,16.319528532081282,2.996431537189355,287505406.30761975
177,0.63162166,2.5640361,16.7941665380506,3.1197506246316427,374021686.94386816,16.319528532081282,2.996431537189355,287505406.30761975
178,0.62576216,2.81906,17.609560227215578,3.3559771656756947,435427318.4248404,16.319528532081282,2.996431537189355,287505406.30761975
179,0.6283212,2.7913132,17.52268458221971,3.1176312315729673,317605109.9181145,16.319528532081282,2.996431537189355,287505406.30761975
180,0.6356562,2.6155293,16.961964254792072,3.246627312180407,419404761.1346605,16.319528532081282,2.996431537189355,287505406.30761975
181,0.62407875,2.6522477,17.080610724317143,3.1241221833899355,341859344.25083137,16.319528532081282,2.996431537189355,287505406.30761975
182,0.6447397,3.157549,18.636801702896513,3.2435985168281594,282213277.90699565,16.319528532081282,2.996431537189355,282213277.90699565
183,0.6422104,2.5987146,16.907354970140815,3.215047600759807,408123049.2453853,16.319528532081282,2.996431537189355,282213277.90699565
184,0.64151394,2.5944839,16.893586284907798,3.1784339992520803,390286244.9892381,16.319528532081282,2.996431537189355,282213277.90699565
185,0.64027464,2.6660497,17.124995601229653,3.173481176137141,379427030.46284646,16.319528532081282,2.996431537189355,282213277.90699565
186,0.6440702,3.3782017,19.276986144355863,3.794027599810217,536528154.1416107,16.319528532081282,2.996431537189355,282213277.90699565
187,0.6448075,3.0240955,18.23870862127817,3.632978039589593,516946088.14254797,16.319528532081282,2.996431537189355,282213277.90699565
188,0.6342765,2.5270207,16.67250196047736,3.067797276485434,365181754.3107519,16.319528532081282,2.996431537189355,282213277.90699565
189,0.64777005,3.1360264,18.573177016150325,3.6473628702508605,506237707.84393084,16.319528532081282,2.996431537189355,282213277.90699565
190,0.6226962,2.6343172,17.022775620815782,3.211359794122973,394200028.6467481,16.319528532081282,2.996431537189355,282213277.90699565
191,0.63776326,3.0599563,18.346530898081134,3.1896524401225474,275755584.2050385,16.319528532081282,2.996431537189355,275755584.2050385
192,0.63439053,2.647937,17.0667229641068,3.114779843202184,339246674.35919756,16.319528532081282,2.996431537189355,275755584.2050385
193,0.6291462,2.6255674,16.99448424289697,3.200074323995969,400670992.3735087,16.319528532081282,2.996431537189355,275755584.2050385
194,0.6331877,2.6958034,17.220289824758552,3.243689906339402,407259353.63986766,16.319528532081282,2.996431537189355,275755584.2050385
195,0.6494012,2.9505088,18.01543779883642,3.531579955884529,485250511.87296474,16.319528532081282,2.996431537189355,275755584.2050385
196,0.64003277,2.6946256,17.216526508220234,3.3094117709480604,435199839.85556465,16.319528532081282,2.996431537189355,275755584.2050385
197,0.6460712,2.9367511,17.97338666763025,3.165514155034825,293078412.8012073,16.319528532081282,2.996431537189355,275755584.2050385
198,0.6336705,2.7288373,17.325475696371143,3.292353071754418,412787701.91156787,16.319528532081282,2.996431537189355,275755584.2050385
199,0.62800294,2.6741166,17.150884709160625,3.1308785482220696,343907938.0283958,16.319528532081282,2.996431537189355,275755584.2050385
200,0.6501513,2.9916012,18.140455234806886,3.417853058528907,391452809.08597034,16.319528532081282,2.996431537189355,275755584.2050385
201,0.66220754,2.908723,17.887412973904365,3.184221587031904,317687714.8572831,16.319528532081282,2.996431537189355,275755584.2050385
202,0.62686163,2.9390364,17.980378832819024,3.4241407504694488,410827209.49846923,16.319528532081282,2.996431537189355,275755584.2050385
203,0.635332,2.7343717,17.34303536618926,3.1859866990365853,361897220.8406215,16.319528532081282,2.996431537189355,275755584.2050385
204,0.64174324,2.8772385,17.79034162669096,3.2556391398680815,366780302.6976138,16.319528532081282,2.996431537189355,275755584.2050385
205,0.6304072,3.232188,18.855786088366642,3.6125790578732104,456209103.0526424,16.319528532081282,2.996431537189355,275755584.2050385
206,0.67117846,2.6694062,17.135772579875287,3.2519733220769846,423804024.44482493,16.319528532081282,2.996431537189355,275755584.2050385
207,0.6436465,3.8425586,20.559217575329953,3.859146458008838,460259479.3387738,16.319528532081282,2.996431537189355,275755584.2050385
208,0.6515112,3.099562,18.464880519831464,3.559384031208516,458232493.4139914,16.319528532081282,2.996431537189355,275755584.2050385
209,0.63574046,2.7775273,17.479359034293335,3.2665262694926898,395009692.38493943,16.319528532081282,2.996431537189355,275755584.2050385
210,0.63707507,2.996391,18.154972912636236,3.213412381651665,313117283.9011156,16.319528532081282,2.996431537189355,275755584.2050385
211,0.6511254,3.8888812,20.682769214707132,4.0041198965834965,508705453.4747254,16.319528532081282,2.996431537189355,275755584.2050385
212,0.6409108,2.7330656,17.338893923797478,3.2058353793467567,364084545.12273794,16.319528532081282,2.996431537189355,275755584.2050385
213,0.625991,2.7511647,17.39621037306127,3.3550383744921883,447216653.81097037,16.319528532081282,2.996431537189355,275755584.2050385
214,0.65304494,2.773271,17.465962236691933,3.309255697160801,390425751.76213163,16.319528532081282,2.996431537189355,275755584.2050385
215,0.64963144,3.4280217,19.418609101447583,3.845037374933335,509456174.20634824,16.319528532081282,2.996431537189355,275755584.2050385
216,0.6434505,2.7196085,17.29615482459719,3.215310892678243,365835263.4659634,16.319528532081282,2.996431537189355,275755584.2050385
217,0.62933034,2.798661,17.54573386552653,3.28580769379013,398533761.646808,16.319528532081282,2.996431537189355,275755584.2050385
218,0.6499938,2.8781803,17.793252990420005,3.4305313049442847,430927563.01497084,16.319528532081282,2.996431537189355,275755584.2050385
219,0.64898145,2.8221676,17.61926351601964,3.2358189190532287,342638664.56226754,16.319528532081282,2.996431537189355,275755584.2050385
220,0.63439035,2.9465683,18.003403013607198,3.5064986041095,443885773.01417524,16.319528532081282,2.996431537189355,275755584.2050385
221,0.6379346,3.0158086,18.213703530984162,3.4777387960768857,423628431.39164,16.319528532081282,2.996431537189355,275755584.2050385
222,0.63647175,3.189474,18.730779831077548,3.2905335115442558,287382537.476305,16.319528532081282,2.996431537189355,275755584.2050385
223,0.63504773,2.781032,17.49038346965852,3.2745682066889237,385217105.12865007,16.319528532081282,2.996431537189355,275755584.2050385
224,0.6463051,2.7127063,17.274191002920762,3.251626129618185,383110870.63211876,16.319528532081282,2.996431537189355,275755584.2050385
225,0.62322074,2.7003882,17.234925853048974,3.1886060240620213,338927653.5562752,16.319528532081282,2.996431537189355,275755584.2050385
226,0.65512997,3.33597,19.156111939947632,3.669049752694076,419058357.05312824,16.319528532081282,2.996431537189355,275755584.2050385
227,0.6443693,2.810192,17.58183891866596,3.2254168716220817,338300807.27843624,16.319528532081282,2.996431537189355,275755584.2050385
228,0.64144444,3.270602,18.96750553396145,3.3243700327600187,281280800.68202394,16.319528532081282,2.996431537189355,275755584.2050385
229,0.63328344,2.715489,17.28305040388727,3.232308037241716,366432511.7354654,16.319528532081282,2.996431537189355,275755584.2050385
230,0.63904834,2.7589111,17.420682834889373,3.1948536934139735,337855662.22548383,16.319528532081282,2.996431537189355,275755584.2050385
231,0.63744086,2.6592877,17.103264718954712,3.1547193075762237,333863263.28019017,16.319528532081282,2.996431537189355,275755584.2050385
232,0.64334965,2.8134463,17.592018120239977,3.205545615580773,338913593.5740306,16.319528532081282,2.996431537189355,275755584.2050385
233,0.6398284,2.791375,17.52287701059253,3.151586240135054,300180819.9742312,16.319528532081282,2.996431537189355,275755584.2050385
234,0.63867563,2.7623496,17.4315368152813,3.226484357801386,329915708.28544253,16.319528532081282,2.996431537189355,275755584.2050385
235,0.64193964,2.706458,17.2542861236678,3.1513234310758156,314225120.0670555,16.319528532081282,2.996431537189355,275755584.2050385
236,0.6385378,2.6551178,17.089849421365955,3.2556954694676534,367506884.8791403,16.319528532081282,2.996431537189355,275755584.2050385
237,0.6350303,2.8636172,17.74818009026951,3.3945006623736624,390605725.0401956,16.319528532081282,2.996431537189355,275755584.2050385
238,0.6615273,2.9846356,18.11932324403906,3.5341662181332407,469254838.5810279,16.319528532081282,2.996431537189355,275755584.2050385
239,0.6490303,2.6454422,17.058684019899793,3.1849820268618596,336816351.64980173,16.319528532081282,2.996431537189355,275755584.2050385
240,0.65004736,2.688953,17.198396337966926,3.2397849871010607,351265937.3155516,16.319528532081282,2.996431537189355,275755584.2050385
241,0.6149077,2.961189,18.04801362714674,3.3791731502319804,366440316.5811972,16.319528532081282,2.996431537189355,275755584.2050385
242,0.6416721,2.9720848,18.081186274067704,3.5003944369536577,430907833.57300395,16.319528532081282,2.996431537189355,275755584.2050385
243,0.63442856,2.772499,17.463530438132924,3.200098239641456,321792938.0139329,16.319528532081282,2.996431537189355,275755584.2050385
244,0.6274117,3.0873098,18.42835010696445,3.563906407704601,426474598.47507495,16.319528532081282,2.996431537189355,275755584.2050385
245,0.6476315,2.7281613,17.3233295893765,3.2694688225549853,358311453.8229776,16.319528532081282,2.996431537189355,275755584.2050385
246,0.63189805,2.6778355,17.162806191779204,3.261436490801195,375020341.0925578,16.319528532081282,2.996431537189355,275755584.2050385
247,0.6308819,2.6578534,17.09865179420613,3.1710360141948235,324646220.99198747,16.319528532081282,2.996431537189355,275755584.2050385
248,0.63767016,2.953279,18.023892750133435,3.503210995733351,445814035.23922646,16.319528532081282,2.996431537189355,275755584.2050385
249,0.6367788,3.1790981,18.7002891122798,3.659807724293229,467159938.8473408,16.319528532081282,2.996431537189355,275755584.2050385
250,0.63631284,3.1796935,18.70203947349657,3.555705057048935,408565058.31850034,16.319528532081282,2.996431537189355,275755584.2050385
251,0.64221144,2.7488823,17.38899305384825,3.275637797512545,340732358.8622368,16.319528532081282,2.996431537189355,275755584.2050385
252,0.6258503,2.8568466,17.72718597404109,3.241402769044763,292197529.3530339,16.319528532081282,2.996431537189355,275755584.2050385
253,0.65912175,2.7065341,17.254528358529388,3.3081314789775624,389296094.7593526,16.319528532081282,2.996431537189355,275755584.2050385
254,0.6327548,2.931575,17.9575410294737,3.235287133810125,302137660.1548452,16.319528532081282,2.996431537189355,275755584.2050385
255,0.63082373,3.4923599,19.599991016405603,3.831042545221069,485658413.5045532,16.319528532081282,2.996431537189355,275755584.2050385
256,0.62973386,2.8109732,17.584283866680508,3.390103618453181,394136294.82836676,16.319528532081282,2.996431537189355,275755584.2050385
257,0.65081936,3.2731764,18.974967792692375,3.713035191716945,464553677.3550554,16.319528532081282,2.996431537189355,275755584.2050385
258,0.6328574,2.9627242,18.052690577782187,3.472575982312596,389513000.27182066,16.319528532081282,2.996431537189355,275755584.2050385
259,0.644236,3.1294537,18.55370499553605,3.3713997217060157,295036917.70894474,16.319528532081282,2.996431537189355,275755584.2050385
260,0.65071774,2.6269424,16.998932454968294,3.2541429561616715,349090817.9422715,16.319528532081282,2.996431537189355,275755584.2050385
261,0.63212675,2.6957378,17.22008002827824,3.336438869732435,392307101.61764866,16.319528532081282,2.996431537189355,275755584.2050385
262,0.6321251,3.1764257,18.69242522748037,3.556409869527328,372608766.6769485,16.319528532081282,2.996431537189355,275755584.2050385
263,0.6198104,2.6632895,17.116129993358996,3.2298055920252904,321075350.2930947,16.319528532081282,2.996431537189355,275755584.2050385
264,0.6153715,2.8533502,17.716334897054924,3.2865366811405563,294724192.1043101,16.319528532081282,2.996431537189355,275755584.2050385
265,0.6250442,3.359024,19.222191916458016,3.6353255655365824,410031868.9196753,16.319528532081282,2.996431537189355,275755584.2050385
266,0.6256382,2.7776859,17.479859219587066,3.2360466858633785,326302764.3121631,16.319528532081282,2.996431537189355,275755584.2050385
267,0.623894,2.9177146,17.915039223884666,3.377549692402113,369307381.0850832,16.319528532081282,2.996431537189355,275755584.2050385
268,0.62666184,2.9255185,17.938980666310346,3.2648915514657815,309830748.3546645,16.319528532081282,2.996431537189355,275755584.2050385
269,0.6323208,2.791932,17.524626338094873,3.1863731047756523,300718328.2602435,16.319528532081282,2.996431537189355,275755584.2050385
270,0.624602,2.897674,17.85340822195323,3.234390924631705,285430984.6605923,16.319528532081282,2.996431537189355,275755584.2050385
271,0.64386505,2.7942917,17.532031719612114,3.2569550570821852,346800618.3699994,16.319528532081282,2.996431537189355,275755584.2050385
272,0.61451674,3.004096,18.17829887149343,3.441950108095071,388966245.15339,16.319528532081282,2.996431537189355,275755584.2050385
273,0.63049906,2.8608577,17.739626525502487,3.222473333246012,291927135.3514665,16.319528532081282,2.996431537189355,275755584.2050385
274,0.62882817,2.824301,17.625921162476004,3.293708298564696,360613068.5660231,16.319528532081282,2.996431537189355,275755584.2050385
275,0.63326174,3.4143023,19.379711790748424,3.351847803639303,220156915.87429512,16.319528532081282,2.996431537189355,220156915.87429512
276,0.61567914,2.815456,17.59830061939128,3.2783331111407756,347766371.2833808,16.319528532081282,2.996431537189355,220156915.87429512
277,0.6194404,2.8462267,17.694206385886144,3.3264206361016777,403009447.9376643,16.319528532081282,2.996431537189355,220156915.87429512
278,0.6147217,2.9466152,18.00354545075366,3.3538632437432847,390271976.3396389,16.319528532081282,2.996431537189355,220156915.87429512
279,0.62225384,2.7358227,17.347637215312428,3.1743925726039,302811034.92777234,16.319528532081282,2.996431537189355,220156915.87429512
280,0.6177191,2.7698343,17.455135429338778,3.230952270624119,359832350.7698907,16.319528532081282,2.996431537189355,220156915.87429512
281,0.6305438,2.9414291,17.987696988451194,3.298948642394232,342562567.5608175,16.319528532081282,2.996431537189355,220156915.87429512
282,0.6199534,2.9670415,18.065840578032898,3.226369793026091,273672750.82507825,16.319528532081282,2.996431537189355,220156915.87429512
283,0.6172223,3.4126241,19.374950243970375,3.573788793281231,378559783.60095996,16.319528532081282,2.996431537189355,220156915.87429512
284,0.6286094,2.9023972,17.867951694734245,3.326545803785025,370282510.2926446,16.319528532081282,2.996431537189355,220156915.87429512
285,0.61882085,3.5280616,19.699915414854587,3.6939887309198434,436722578.1390389,16.319528532081282,2.996431537189355,220156915.87429512
286,0.62239623,3.2238753,18.831522176469782,3.3052936263919017,268206960.81621805,16.319528532081282,2.996431537189355,220156915.87429512
287,0.6152148,3.604157,19.911234515232756,3.726868016542834,447223415.75002456,16.319528532081282,2.996431537189355,220156915.87429512
288,0.6230691,3.3173995,19.102719826136862,3.352869248231862,281180069.7164741,16.319528532081282,2.996431537189355,220156915.87429512
289,0.6372159,2.9782445,18.09991370365595,3.414699392924096,418858192.1546284,16.319528532081282,2.996431537189355,220156915.87429512
290,0.64119804,4.466876,22.16656023178462,3.745302990452335,215884560.3026847,16.319528532081282,2.996431537189355,215884560.3026847
291,0.6340413,3.0621727,18.353174399795797,3.4511446714207725,412862568.3890612,16.319528532081282,2.996431537189355,215884560.3026847
292,0.6540267,3.0566306,18.33655947901701,3.429063958283228,398132831.4296318,16.319528532081282,2.996431537189355,215884560.3026847
293,0.6248745,3.2002113,18.762282098833005,3.4396934156584273,375942414.307942,16.319528532081282,2.996431537189355,215884560.3026847
294,0.63175726,3.0807877,18.40887388015122,3.2928241039805526,307306548.2889857,16.319528532081282,2.996431537189355,215884560.3026847
295,0.62517667,3.1412635,18.588680536437423,3.3719002649126466,320801658.82462305,16.319528532081282,2.996431537189355,215884560.3026847
296,0.6498739,2.99839,18.161024919026584,3.299836699459196,318210888.1543395,16.319528532081282,2.996431537189355,215884560.3026847
297,0.6347183,3.2934957,19.033771963827324,3.3183345971398115,262310231.58919495,16.319528532081282,2.996431537189355,215884560.3026847
298,0.64081025,3.0450926,18.301919595744188,3.4137995542890205,388915745.5289705,16.319528532081282,2.996431537189355,215884560.3026847
299,0.65800107,3.378992,19.279240473560154,3.437290746871703,300957173.63556,16.319528532081282,2.996431537189355,215884560.3026847
300,0.6539526,2.9850254,18.12050649970004,3.424022634988024,415815221.5788263,16.319528532081282,2.996431537189355,215884560.3026847
301,0.64263165,3.1446266,18.59862759028512,3.3613521591893263,321335968.1211838,16.319528532081282,2.996431537189355,215884560.3026847
302,0.6351385,3.083946,18.418307557129737,3.3791632553577915,380734341.4435897,16.319528532081282,2.996431537189355,215884560.3026847
303,0.6482877,4.7669935,22.8991111367594,4.314309428539017,516145898.071313,16.319528532081282,2.996431537189355,215884560.3026847
304,0.6531633,2.9490798,18.01107431113903,3.2922771877282626,335197830.2709129,16.319528532081282,2.996431537189355,215884560.3026847
305,0.6501875,3.4554327,19.496093070700145,3.413520329316293,261288997.70063528,16.319528532081282,2.996431537189355,215884560.3026847
306,0.64315236,2.9889603,18.132447548427514,3.4000476477208075,406941517.1994133,16.319528532081282,2.996431537189355,215884560.3026847
307,0.639559,3.0644543,18.36000902067588,3.300885612167497,303477545.61628854,16.319528532081282,2.996431537189355,215884560.3026847
308,0.6516326,3.225318,18.835737548018802,3.540491535774088,435748871.8150557,16.319528532081282,2.996431537189355,215884560.3026847
309,0.6404023,3.3345196,19.151947844306378,3.596500545074677,433147671.01075786,16.319528532081282,2.996431537189355,215884560.3026847
310,0.6370029,2.7898705,17.518154913936154,3.2911687585414158,364014902.299771,16.319528532081282,2.996431537189355,215884560.3026847
311,0.63516706,3.3069022,19.072475233998993,3.53086090600195,389228665.1815555,16.319528532081282,2.996431537189355,215884560.3026847
312,0.62507397,3.0272827,18.248319585149865,3.2539947413902075,293154182.0270845,16.319528532081282,2.996431537189355,215884560.3026847
313,0.6415239,3.0198402,18.225871862464288,3.3752298597294788,353291765.44006234,16.319528532081282,2.996431537189355,215884560.3026847
314,0.6507127,3.4335835,19.434355485886183,3.4090759586863917,224143263.14421216,16.319528532081282,2.996431537189355,215884560.3026847
315,0.6369966,3.1027663,18.474423708562806,3.3389142020212965,320429210.2461753,16.319528532081282,2.996431537189355,215884560.3026847
316,0.62943834,3.0825284,18.414075495423102,3.472620520820795,415082175.824171,16.319528532081282,2.996431537189355,215884560.3026847
317,0.6407178,2.9149947,17.906686479368854,3.3360940305694253,343992424.53732294,16.319528532081282,2.996431537189355,215884560.3026847
318,0.6605711,2.9049282,17.875740527360023,3.3519255060671775,375108737.5333135,16.319528532081282,2.996431537189355,215884560.3026847
319,0.6377348,2.9573646,18.03635503260146,3.3430091995776685,370031567.36025214,16.319528532081282,2.996431537189355,215884560.3026847
320,0.6243543,3.0748703,18.391186271886436,3.4757163773681157,401188648.20951104,16.319528532081282,2.996431537189355,215884560.3026847
321,0.6184396,3.290116,19.02400509656249,3.5324417135800283,379707526.04750526,16.319528532081282,2.996431537189355,215884560.3026847
322,0.6422472,3.235423,18.865219949100837,3.5659163684400577,418613742.836481,16.319528532081282,2.996431537189355,215884560.3026847
323,0.6253649,2.911307,17.895357422079496,3.2115429379292264,302593815.8888935,16.319528532081282,2.996431537189355,215884560.3026847
324,0.6186738,2.937465,17.975570855074814,3.2365895856185043,281213813.34276116,16.319528532081282,2.996431537189355,215884560.3026847
325,0.64173645,2.9678624,18.06833858591835,3.4199689188851163,400745122.7067669,16.319528532081282,2.996431537189355,215884560.3026847
326,0.6305471,2.8432045,17.68481005607444,3.2233669222588732,318175179.2984409,16.319528532081282,2.996431537189355,215884560.3026847
327,0.6316071,2.8968723,17.850937313448153,3.3850323955241453,384405146.3091349,16.319528532081282,2.996431537189355,215884560.3026847
328,0.6362366,2.8085163,17.57659760784183,3.2435401885100634,347461973.2377423,16.319528532081282,2.996431537189355,215884560.3026847
329,0.64850163,3.220353,18.821233133017877,3.3285743381515798,269346003.4577347,16.319528532081282,2.996431537189355,215884560.3026847
330,0.66381603,2.9871192,18.126863591518113,3.436993202540711,397799405.46590877,16.319528532081282,2.996431537189355,215884560.3026847
331,0.66611546,3.0276997,18.24957399452061,3.5169280594986683,411233764.09457487,16.319528532081282,2.996431537189355,215884560.3026847
332,0.635008,3.2609062,18.939370797550986,3.691003892027994,441868781.44893295,16.319528532081282,2.996431537189355,215884560.3026847
333,0.65365106,2.6907806,17.204240257619585,3.1763085156001827,319780837.462995,16.319528532081282,2.996431537189355,215884560.3026847
334,0.6583179,2.7859557,17.505860791138918,3.2661431897567956,362048432.87661916,16.319528532081282,2.996431537189355,215884560.3026847
335,0.6572368,3.2954068,19.039292583805853,3.6289608824246047,450280849.4823083,16.319528532081282,2.996431537189355,215884560.3026847
336,0.65404534,2.9114983,17.89594507413058,3.2292361473398548,301021605.09881276,16.319528532081282,2.996431537189355,215884560.3026847
337,0.6537375,2.7872818,17.51002527232108,3.273431890853708,349900783.2201346,16.319528532081282,2.996431537189355,215884560.3026847
338,0.6693564,2.6607525,17.107974440500843,3.2892975893395007,385047691.69717634,16.319528532081282,2.996431537189355,215884560.3026847
339,0.6882299,3.0196424,18.225275188050677,3.427668639863572,375899778.6786708,16.319528532081282,2.996431537189355,215884560.3026847
340,0.6737891,2.806725,17.570992182091402,3.2737266461755268,329094352.97865397,16.319528532081282,2.996431537189355,215884560.3026847
341,0.6888281,3.2052333,18.7769980480696,3.366150572192289,289897223.5984733,16.319528532081282,2.996431537189355,215884560.3026847
342,0.66852874,3.0159447,18.214113436822277,3.325071946946726,307268807.8341654,16.319528532081282,2.996431537189355,215884560.3026847
343,0.66772467,3.2707012,18.967792698737714,3.393960005225264,265783832.2039429,16.319528532081282,2.996431537189355,215884560.3026847
344,0.666748,2.9991398,18.163296946099262,3.333328377090421,337042285.8338085,16.319528532081282,2.996431537189355,215884560.3026847
345,0.6653249,3.2356942,18.86601034105074,3.5250759083606136,366413996.1544127,16.319528532081282,2.996431537189355,215884560.3026847
346,0.68417686,3.1869183,18.723274315840758,3.3720738107068056,304049507.439705,16.319528532081282,2.996431537189355,215884560.3026847
347,0.67452675,3.5649505,19.802641378692794,3.695408947442998,394820731.28856236,16.319528532081282,2.996431537189355,215884560.3026847
348,0.688379,3.0727766,18.38492206041772,3.3533322740755227,334896336.1434489,16.319528532081282,2.996431537189355,215884560.3026847
349,0.67797816,3.2783337,18.989911164931033,3.4430948890015536,295802110.99695057,16.319528532081282,2.996431537189355,215884560.3026847
350,0.65776086,3.31033,19.082355879867652,3.517870532710725,383754311.3425833,16.319528532081282,2.996431537189355,215884560.3026847
351,0.66086125,3.4581356,19.503716228300853,3.6125932810421255,377699964.1219287,16.319528532081282,2.996431537189355,215884560.3026847
352,0.6798801,3.5898495,19.87167286113391,3.727349691573253,407063869.96952784,16.319528532081282,2.996431537189355,215884560.3026847
353,0.66611207,3.1750495,18.68837811148873,3.47743485873343,349644156.05547744,16.319528532081282,2.996431537189355,215884560.3026847
354,0.6607297,3.418594,19.39188777707552,3.764342527673827,459241404.6632889,16.319528532081282,2.996431537189355,215884560.3026847
355,0.6586983,3.047515,18.309196803586165,3.4386261800728484,347463160.6521387,16.319528532081282,2.996431537189355,215884560.3026847
356,0.6871586,2.9046059,17.874748979030937,3.325282050396504,305047354.1224369,16.319528532081282,2.996431537189355,215884560.3026847
357,0.66321343,3.4884334,19.588968757743054,3.4823918995083503,264463192.5703938,16.319528532081282,2.996431537189355,215884560.3026847
358,0.66482,2.8496835,17.70494826917125,3.255890205004632,276152710.9217483,16.319528532081282,2.996431537189355,215884560.3026847
359,0.6597544,2.8002748,17.550790778471928,3.2516122971622905,270356932.9650908,16.319528532081282,2.996431537189355,215884560.3026847
360,0.67346805,3.0029755,18.174909238792086,3.3998369352049784,320601362.8804289,16.319528532081282,2.996431537189355,215884560.3026847
361,0.6818485,3.337383,19.16017100997451,3.370518988073576,235169221.94655842,16.319528532081282,2.996431537189355,215884560.3026847
362,0.6696667,2.8681939,17.762357966867675,3.324930628006475,321462799.45557296,16.319528532081282,2.996431537189355,215884560.3026847
363,0.67980874,3.107827,18.489483831382685,3.3320461995802915,299045817.14097995,16.319528532081282,2.996431537189355,215884560.3026847
364,0.6540587,4.053776,21.116709292700353,4.130776466919195,516260536.84594333,16.319528532081282,2.996431537189355,215884560.3026847
365,0.7008353,4.461357,22.152863497729484,4.2480835561725225,481426894.9062808,16.319528532081282,2.996431537189355,215884560.3026847
366,0.68860704,3.105882,18.48369605198273,3.461603077244203,351302865.0498287,16.319528532081282,2.996431537189355,215884560.3026847
367,0.6670913,3.2427297,18.886510736224572,3.466618794561699,314920335.0085035,16.319528532081282,2.996431537189355,215884560.3026847
368,0.6752155,4.135259,21.327882499704163,4.047578643760264,447195549.26709616,16.319528532081282,2.996431537189355,215884560.3026847
369,0.6982377,3.3541126,19.208134490197338,3.5581598987448806,357527720.9512326,16.319528532081282,2.996431537189355,215884560.3026847
370,0.7106868,4.027208,21.047397947162676,4.128603067409155,511923488.7170265,16.319528532081282,2.996431537189355,215884560.3026847
371,0.7110712,3.2466774,18.89800361915997,3.5508698457722256,391375417.0664887,16.319528532081282,2.996431537189355,215884560.3026847
372,0.6924809,3.3296337,19.137914245812773,3.681182221843121,411687487.47352904,16.319528532081282,2.996431537189355,215884560.3026847
373,0.68801266,3.3809204,19.284740170919633,3.654519406715771,391436863.3964559,16.319528532081282,2.996431537189355,215884560.3026847
374,0.68792206,3.9807258,20.92557842612865,3.584129903065272,209396048.82814446,16.319528532081282,2.996431537189355,209396048.82814446
375,0.6675825,3.53221,19.71149539953951,3.740698037179541,429944452.2615959,16.319528532081282,2.996431537189355,209396048.82814446
376,0.6717294,3.0153012,18.212169668381556,3.3795359084481613,311352375.2121675,16.319528532081282,2.996431537189355,209396048.82814446
377,0.66899407,3.3865433,19.30077154641651,3.6560888707936865,377576496.3088029,16.319528532081282,2.996431537189355,209396048.82814446
378,0.70063335,3.2209785,18.82305949971111,3.596832189980758,382717644.26090366,16.319528532081282,2.996431537189355,209396048.82814446
379,0.6995382,3.1004174,18.467427480999476,3.5561037689174713,390866778.1128916,16.319528532081282,2.996431537189355,209396048.82814446
380,0.69808,3.2035663,18.7721138846929,3.4472058801215755,299338441.7008367,16.319528532081282,2.996431537189355,209396048.82814446
381,0.6930465,3.7171621,20.220976512268678,3.886380447390123,414916062.15363944,16.319528532081282,2.996431537189355,209396048.82814446
382,0.70478266,3.191776,18.737538845698786,3.5657373492796207,385650689.35103154,16.319528532081282,2.996431537189355,209396048.82814446
383,0.7276757,3.2537925,18.918698428414938,3.439142014124071,282911621.06193084,16.319528532081282,2.996431537189355,209396048.82814446
384,0.72867346,3.1212964,18.52950955079511,3.504975957189463,362858654.8604824,16.319528532081282,2.996431537189355,209396048.82814446
385,0.7226178,3.0961576,18.45473769374096,3.521541907960261,354323336.7394988,16.319528532081282,2.996431537189355,209396048.82814446
386,0.71566397,3.2407925,18.880867299768745,3.720821665940804,444545977.4621752,16.319528532081282,2.996431537189355,209396048.82814446
387,0.7346943,3.2929306,19.03214087647652,3.451564307799376,279034644.3119023,16.319528532081282,2.996431537189355,209396048.82814446
388,0.7570703,3.524735,19.69062886700926,3.5401264120724574,300240843.59393376,16.319528532081282,2.996431537189355,209396048.82814446
389,0.7483548,3.3715694,19.25805555612443,3.4865136721841066,295269020.7332895,16.319528532081282,2.996431537189355,209396048.82814446
390,0.7284885,3.3408115,19.170009974679733,3.564786155015195,323055663.4544389,16.319528532081282,2.996431537189355,209396048.82814446
391,0.7625511,3.2538075,18.918743035985273,3.6650214481804135,386309315.20910996,16.319528532081282,2.996431537189355,209396048.82814446
392,0.7333961,5.2125435,23.945349092620724,4.643055090683797,536534771.97258824,16.319528532081282,2.996431537189355,209396048.82814446
393,0.7302566,3.2991261,19.05003632602219,3.550734738309768,324479262.3813335,16.319528532081282,2.996431537189355,209396048.82814446
394,0.72152954,3.40106,19.342094336888806,3.464848972329212,277146328.64197576,16.319528532081282,2.996431537189355,209396048.82814446
395,0.6963022,4.664803,22.65233684519161,4.405763238432697,518419112.6583445,16.319528532081282,2.996431537189355,209396048.82814446
396,0.6929417,3.2605863,18.938440058675784,3.483553009156529,293761998.3409215,16.319528532081282,2.996431537189355,209396048.82814446
397,0.692612,4.5942135,22.480291403771947,4.233810975452733,448463629.6441109,16.319528532081282,2.996431537189355,209396048.82814446
398,0.7221797,4.025301,21.04241329950385,3.6249540059966914,217476309.52410385,16.319528532081282,2.996431537189355,209396048.82814446
399,0.696403,3.5984402,19.89543886254741,3.5314926453488917,265413368.2230107,16.319528532081282,2.996431537189355,209396048.82814446
400,0.70791686,3.8599396,20.605664890774946,3.5700033165303355,227029266.4361322,16.319528532081282,2.996431537189355,209396048.82814446
401,0.75103843,4.0077944,20.996603051427897,3.622667921884282,216323489.422925,16.319528532081282,2.996431537189355,209396048.82814446
402,0.7118797,3.642704,20.017430464401833,3.524653946441173,245593627.30962345,16.319528532081282,2.996431537189355,209396048.82814446
403,0.70644826,4.181443,21.446650089422015,3.959360910392638,376436148.8251788,16.319528532081282,2.996431537189355,209396048.82814446
404,0.70327276,3.58709,19.864037063186267,3.5461981219385774,276806534.55920607,16.319528532081282,2.996431537189355,209396048.82814446
405,0.7363271,3.7185626,20.22478266484739,3.6680451421117697,309409382.2937008,16.319528532081282,2.996431537189355,209396048.82814446
406,0.70622236,4.562665,22.402970932999626,4.176978681195163,406157338.60571545,16.319528532081282,2.996431537189355,209396048.82814446
407,0.72183764,3.9018247,20.717161797552365,3.7746373167699105,310991188.03407955,16.319528532081282,2.996431537189355,209396048.82814446
408,0.7292477,3.518508,19.673226634907806,3.5457093941102764,296498069.1226914,16.319528532081282,2.996431537189355,209396048.82814446
409,0.74605256,4.105963,21.252198977070037,3.886163070095085,340165235.9132704,16.319528532081282,2.996431537189355,209396048.82814446
410,0.70888406,3.5360801,19.72229240506623,3.5770255025894047,292847756.8288914,16.319528532081282,2.996431537189355,209396048.82814446
411,0.70055026,3.7096364,20.200496384390252,3.6964452950563174,322636769.8867274,16.319528532081282,2.996431537189355,209396048.82814446
412,0.7380911,3.751917,20.315285348681844,3.802099278111807,355029671.94040704,16.319528532081282,2.996431537189355,209396048.82814446
413,0.70647407,5.60549,24.83151027162048,4.65675627551577,452773147.88686883,16.319528532081282,2.996431537189355,209396048.82814446
414,0.7393799,3.8431125,20.560698715225108,3.7907928015451784,339585802.9675505,16.319528532081282,2.996431537189355,209396048.82814446
415,0.71563953,4.9176817,23.25822289092418,4.401531550441258,441865202.57072014,16.319528532081282,2.996431537189355,209396048.82814446
416,0.7182272,3.6926548,20.15420598055342,3.559429450709606,260607734.76998872,16.319528532081282,2.996431537189355,209396048.82814446
417,0.7135193,4.042344,21.086911480083156,3.6226699690584097,228716279.89280057,16.319528532081282,2.996431537189355,209396048.82814446
418,0.6951034,3.6011274,19.90286341906713,3.544826261409797,268569980.98002714,16.319528532081282,2.996431537189355,209396048.82814446
419,0.72323895,3.9356732,20.80682671609007,3.563394874336974,201122466.41567594,16.319528532081282,2.996431537189355,201122466.41567594
420,0.70864785,4.290164,21.723672793153774,4.0566731334796975,407087036.50564796,16.319528532081282,2.996431537189355,201122466.41567594
421,0.7242385,3.7832248,20.399871316232993,3.7109388634210636,302815260.3377494,16.319528532081282,2.996431537189355,201122466.41567594
422,0.7073629,3.7624638,20.343819344214484,3.5599887349573542,248186099.57746375,16.319528532081282,2.996431537189355,201122466.41567594
423,0.7486531,3.7567594,20.328393141326025,3.617410374428404,296723742.79278994,16.319528532081282,2.996431537189355,201122466.41567594
424,0.7289912,3.9932404,20.95844676368115,3.71527920001513,315347935.21409535,16.319528532081282,2.996431537189355,201122466.41567594
425,0.7158824,4.07333,21.16757676450951,3.6125805795940416,215843337.96208766,16.319528532081282,2.996431537189355,201122466.41567594
426,0.7162954,4.548806,22.36892356234016,4.093844431330843,391762508.6801806,16.319528532081282,2.996431537189355,201122466.41567594
427,0.73286855,4.1811085,21.445791595973695,3.7874928229982134,291199959.18054736,16.319528532081282,2.996431537189355,201122466.41567594
428,0.7395259,3.7651472,20.35107507444403,3.653271770400766,319089415.73701715,16.319528532081282,2.996431537189355,201122466.41567594
429,0.7518484,4.450445,22.125755070903303,4.03890250971565,370694929.90915596,16.319528532081282,2.996431537189355,201122466.41567594
430,0.72512627,3.6512985,20.041029329217483,3.5399618666517902,264990717.44871587,16.319528532081282,2.996431537189355,201122466.41567594
431,0.71178424,3.849408,20.57753477267688,3.5785084296163028,258252810.7069022,16.319528532081282,2.996431537189355,201122466.41567594
432,0.7032956,3.6825683,20.126661210744672,3.5382457564465057,263218710.28279284,16.319528532081282,2.996431537189355,201122466.41567594
433,0.71734047,4.504859,22.26060340519756,4.042111126768899,400337351.7595717,16.319528532081282,2.996431537189355,201122466.41567594
434,0.74065906,4.0578156,21.1272253004144,3.8736336974785557,384560049.0490108,16.319528532081282,2.996431537189355,201122466.41567594
435,0.7441228,3.8012807,20.448491299916192,3.807883466308697,374522675.6330964,16.319528532081282,2.996431537189355,201122466.41567594
436,0.7551945,3.7985508,20.441148530924316,3.567624837342197,225877206.62558475,16.319528532081282,2.996431537189355,201122466.41567594
437,0.73397666,3.4467604,19.471612083300222,3.513102083630341,284529434.2264039,16.319528532081282,2.996431537189355,201122466.41567594
438,0.75287175,3.4416137,19.457069616616305,3.443703872756208,246763123.76767397,16.319528532081282,2.996431537189355,201122466.41567594
439,0.7536411,4.5966377,22.486223043359814,4.0798459098851385,387880742.6292199,16.319528532081282,2.996431537189355,201122466.41567594
440,0.7554184,4.168623,21.41374570200955,3.66375207466633,173160654.39118457,16.319528532081282,2.996431537189355,173160654.39118457
441,0.7722294,3.7006073,20.17589588095178,3.5557180164687536,243329018.17643094,16.319528532081282,2.996431537189355,173160654.39118457
442,0.7666707,3.725256,20.242978729319166,3.5436826135633335,253086647.85795882,16.319528532081282,2.996431537189355,173160654.39118457
443,0.7672001,4.40464,22.011597478392183,4.0682966238237395,428181122.06439525,16.319528532081282,2.996431537189355,173160654.39118457
444,0.7662404,3.9082084,20.73409961775444,3.6007382351759967,245285021.75227544,16.319528532081282,2.996431537189355,173160654.39118457
445,0.8111872,4.075114,21.172211712253432,3.8509239954493473,358250653.717037,16.319528532081282,2.996431537189355,173160654.39118457
446,0.7859636,4.2312555,21.574015353984656,3.982073218030624,401936781.40610147,16.319528532081282,2.996431537189355,173160654.39118457
447,0.7676764,3.86443,20.617645781837595,3.6260357656191764,232944131.11749813,16.319528532081282,2.996431537189355,173160654.39118457
448,0.7705003,3.6717167,20.09698407733609,3.513787531937168,240779652.64990017,16.319528532081282,2.996431537189355,173160654.39118457
449,0.77008253,4.1287775,21.311161278223416,3.84233569694065,347981278.2760853,16.319528532081282,2.996431537189355,173160654.39118457
450,0.74341154,4.0967774,21.228413888795128,3.748501562108995,326912017.9816777,16.319528532081282,2.996431537189355,173160654.39118457
451,0.74242896,3.823901,20.509245695026312,3.626885482522856,284517968.014566,16.319528532081282,2.996431537189355,173160654.39118457
452,0.7309906,3.858952,20.603026971375805,3.609989341402068,250741571.3421372,16.319528532081282,2.996431537189355,173160654.39118457
453,0.75099033,4.089341,21.20913900071385,3.6755048176473823,238657400.6748415,16.319528532081282,2.996431537189355,173160654.39118457
454,0.77438253,3.723854,20.239168466567968,3.565800173117954,276238891.24363494,16.319528532081282,2.996431537189355,173160654.39118457
455,0.75772774,3.9060016,20.728245374554827,3.623084335607051,280241825.4566227,16.319528532081282,2.996431537189355,173160654.39118457
456,0.756408,5.000536,23.45333419245846,4.2431509453578995,441541854.73686606,16.319528532081282,2.996431537189355,173160654.39118457
457,0.74616563,4.018617,21.02493616219506,3.71251457017157,316066852.5045784,16.319528532081282,2.996431537189355,173160654.39118457
458,0.7342436,4.1277604,21.308538069901285,3.7471230904759736,325056855.9662877,16.319528532081282,2.996431537189355,173160654.39118457
459,0.7694961,3.811482,20.47591197896764,3.609765442212716,318257971.2826208,16.319528532081282,2.996431537189355,173160654.39118457
460,0.79999834,4.1157207,21.277437047184872,3.6806263655608844,226525982.06652313,16.319528532081282,2.996431537189355,173160654.39118457
461,0.7755433,3.7739432,20.374831086913797,3.5768556224439543,277480976.7491846,16.319528532081282,2.996431537189355,173160654.39118457
462,0.7517962,3.8918188,20.69057962973308,3.719349432783256,349027352.96050143,16.319528532081282,2.996431537189355,173160654.39118457
463,0.76204294,3.7023032,20.180519451202084,3.574380050526565,290525371.2523872,16.319528532081282,2.996431537189355,173160654.39118457
464,0.75766283,3.682546,20.12660145627983,3.574815695710841,282777506.5079937,16.319528532081282,2.996431537189355,173160654.39118457
465,0.79730004,4.240501,21.59757128583865,3.702343746194662,246487612.8173661,16.319528532081282,2.996431537189355,173160654.39118457
466,0.78309035,4.9789414,23.40264044609695,4.279622099128988,454062659.0585255,16.319528532081282,2.996431537189355,173160654.39118457
467,0.7848008,4.562375,22.402261577679358,4.024571865244627,393490891.1630097,16.319528532081282,2.996431537189355,173160654.39118457
468,0.79872763,3.983267,20.932257326888898,3.7953605149147993,363361477.53195316,16.319528532081282,2.996431537189355,173160654.39118457
469,0.7633445,4.5922303,22.475439401527208,4.155897690307397,435424454.36289364,16.319528532081282,2.996431537189355,173160654.39118457
470,0.7963186,4.101856,21.241566535349477,3.850999827569498,362206699.7479268,16.319528532081282,2.996431537189355,173160654.39118457
471,0.7751014,3.8844314,20.670934884339882,3.7262224175405403,359303645.5613569,16.319528532081282,2.996431537189355,173160654.39118457
472,0.7707653,4.227765,21.56511549639827,3.882615755343592,370634160.7330609,16.319528532081282,2.996431537189355,173160654.39118457
473,0.78320867,3.8038976,20.45553143959943,3.6761280113525485,312459911.95391995,16.319528532081282,2.996431537189355,173160654.39118457
474,0.8083378,4.8585596,23.11799214762406,4.267817585475505,445326170.108318,16.319528532081282,2.996431537189355,173160654.39118457
475,0.7581856,3.9272125,20.78445116280026,3.67996684627205,265596102.0772074,16.319528532081282,2.996431537189355,173160654.39118457
476,0.7881444,4.3886986,21.971727192050945,3.809260921780165,225624004.6504447,16.319528532081282,2.996431537189355,173160654.39118457
477,0.7874687,3.9531994,20.85310325113039,3.776350743749312,340981575.92361164,16.319528532081282,2.996431537189355,173160654.39118457
478,0.77517813,3.8134558,20.481215111978557,3.8433511830303364,407388863.5141934,16.319528532081282,2.996431537189355,173160654.39118457
479,0.81440485,3.8814292,20.66294324222542,3.856919123275467,405448037.5770083,16.319528532081282,2.996431537189355,173160654.39118457
480,0.7987553,3.7524693,20.316781918587246,3.7145375710372166,343996734.6115314,16.319528532081282,2.996431537189355,173160654.39118457
481,0.791328,4.0163627,21.01903722537283,3.8109087719308232,328769527.656941,16.319528532081282,2.996431537189355,173160654.39118457
482,0.8250211,4.7740874,22.91614239219926,4.299962687262783,484322673.1714343,16.319528532081282,2.996431537189355,173160654.39118457
483,0.85038304,5.345315,24.24839352859465,4.526106501980261,493520755.7881657,16.319528532081282,2.996431537189355,173160654.39118457
484,0.8268814,4.234599,21.582537785242323,3.9344215574633625,383030074.8117958,16.319528532081282,2.996431537189355,173160654.39118457
485,0.8127129,3.9027874,20.719715749057247,3.818172348941618,391344899.927094,16.319528532081282,2.996431537189355,173160654.39118457
486,0.821887,4.173669,21.42670025396554,3.840796588458904,353315692.0253,16.319528532081282,2.996431537189355,173160654.39118457
487,0.79653466,4.5457826,22.361488093331648,4.091081819972716,443024736.49315804,16.319528532081282,2.996431537189355,173160654.39118457
488,0.8347119,4.394259,21.98564362937923,3.9123883272181437,294434191.0535956,16.319528532081282,2.996431537189355,173160654.39118457
489,0.8295532,6.2085967,26.133231794334105,4.7057480101584686,475795982.20897764,16.319528532081282,2.996431537189355,173160654.39118457
490,0.8395772,4.432898,22.082092200449267,4.095919052118253,434524199.8180558,16.319528532081282,2.996431537189355,173160654.39118457
491,0.812174,4.452358,22.130506129666536,4.036454855559181,419866842.872415,16.319528532081282,2.996431537189355,173160654.39118457
492,0.8295383,4.4578896,22.14425010445143,4.012940855488762,374884887.4318775,16.319528532081282,2.996431537189355,173160654.39118457
493,0.86677,4.143267,21.34852144918645,3.7548445964577346,274985133.4225915,16.319528532081282,2.996431537189355,173160654.39118457
494,0.9017573,5.567705,24.747679807388263,4.376047270345681,406843027.5966204,16.319528532081282,2.996431537189355,173160654.39118457
495,0.8579235,5.3030133,24.152255484763977,4.408537284867154,468395284.12198573,16.319528532081282,2.996431537189355,173160654.39118457
496,0.86210984,4.2782087,21.69338760033285,3.866840556556845,325303340.1077678,16.319528532081282,2.996431537189355,173160654.39118457
497,0.8999889,4.6332245,22.57553261347545,4.1509766269743515,416774841.7322784,16.319528532081282,2.996431537189355,173160654.39118457
498,0.87535226,4.681286,22.692320705035826,4.141972570667547,404104253.4827287,16.319528532081282,2.996431537189355,173160654.39118457
499,0.85451317,4.444154,22.11011035834209,3.8252137254822425,296464414.47898465,16.319528532081282,2.996431537189355,173160654.39118457
